CustomerID,Age,Gender,Tenure_Months,Balance,NumOfProducts,HasCrCard,IsActiveMember,EstimatedSalary,Churn
1,56,Male,40,41393.42,3,1,1,101505.9,0
2,69,Male,45,39385.65,2,1,0,125091.33,0
3,46,Male,62,31221.27,2,0,1,99514.03,0
4,32,Female,58,24724.06,3,0,1,58447.18,0
5,60,Male,67,48977.54,3,1,1,53246.68,0
6,25,Male,56,7248.25,4,0,1,62564.72,0
7,38,Male,40,36257.79,1,0,0,41400.67,0
8,56,Female,40,9559.54,1,1,1,43552.34,0
9,36,Female,33,16913.16,4,0,0,122789.84,0
10,40,Male,6,15434.94,2,1,1,70015.23,0
11,28,Male,19,47351.8,3,1,0,76679.37,0
12,28,Male,40,48367.81,3,1,0,97226.43,0
13,41,Male,59,9150.77,3,1,1,96654.95,0
14,53,Female,59,1101.76,2,1,1,28758.99,0
15,57,Female,48,36000.4,3,0,1,128100.3,0
16,41,Female,41,20899.5,3,1,0,43052.45,0
17,20,Female,13,4442.01,4,0,1,113999.31,0
18,39,Male,45,34187.71,2,1,1,120447.23,0
19,19,Male,53,27255.28,1,1,0,112936.94,0
20,41,Male,42,49025.84,4,1,1,95267.09,0
21,61,Female,63,11370.47,4,0,0,21899.17,0
22,47,Male,27,20198.89,1,1,1,66848.81,0
23,55,Female,38,27127.29,4,1,0,98629.13,0
24,19,Female,60,39585.0,2,1,0,70368.67,0
25,38,Male,7,27441.93,3,1,1,132252.39,0
26,50,Male,5,30645.01,2,0,0,60144.3,0
27,29,Male,45,11307.35,1,1,1,58159.52,0
28,39,Female,58,42345.94,1,0,1,54579.7,0
29,61,Male,31,21431.53,4,1,0,63261.51,0
30,42,Female,23,7047.98,2,0,1,92462.65,0
31,66,Male,42,33209.4,2,0,0,111911.99,0
32,44,Female,10,10804.52,1,1,0,106133.83,0
33,59,Female,32,4878.13,2,1,0,125003.32,0
34,45,Male,53,43099.35,1,0,0,135168.82,0
35,33,Female,30,23008.11,2,1,0,126090.28,0
36,32,Female,39,37464.19,2,1,0,22462.9,0
37,64,Male,31,14529.38,2,1,0,115669.33,0
38,68,Female,2,39348.51,1,0,0,47091.94,0
39,61,Male,12,5596.8,4,1,1,37280.65,0
40,69,Female,39,17798.67,2,1,1,103003.54,0
41,20,Male,66,48903.09,1,1,0,61566.62,0
42,54,Male,13,39699.49,1,0,1,27425.23,0
43,68,Female,46,24862.8,2,1,1,37891.87,0
44,24,Female,27,16988.87,2,0,1,20120.82,0
45,38,Female,17,43606.79,4,1,1,137419.07,0
46,26,Female,60,27242.39,1,0,1,23200.34,0
47,56,Female,64,37921.25,1,1,1,47229.25,0
48,35,Male,35,37705.38,3,1,0,74114.16,0
49,21,Female,70,897.28,1,0,1,66354.27,0
50,42,Male,30,6312.69,4,0,1,138524.36,0
51,31,Male,71,32981.47,3,0,1,25237.56,0
52,67,Female,63,8080.99,3,1,1,86587.91,0
53,26,Male,28,12774.67,3,1,0,108462.33,0
54,43,Male,60,47331.9,2,1,0,141120.74,0
55,19,Male,37,28009.11,2,1,0,100648.26,0
56,37,Male,22,37536.48,1,0,0,124488.18,0
57,45,Female,68,27899.04,3,1,1,30884.24,0
58,64,Male,20,27625.68,4,1,0,70172.14,0
59,24,Female,68,4707.6,2,1,0,68613.13,0
60,61,Female,64,17183.16,4,1,0,135217.47,0
61,25,Male,17,14121.54,4,1,0,39678.25,0
62,64,Female,12,19536.42,2,1,1,39745.2,0
63,52,Female,22,39917.21,2,1,0,62712.56,0
64,31,Female,17,18596.63,2,0,1,27080.59,0
65,34,Male,10,22584.84,2,1,0,43719.55,0
66,53,Female,65,19869.07,3,1,1,145477.25,0
67,67,Female,22,4670.4,3,1,1,75663.91,0
68,57,Female,50,22053.61,3,1,0,102162.5,0
69,21,Male,14,9780.46,3,0,0,114394.46,0
70,19,Female,64,9336.16,1,0,0,67704.98,0
71,23,Male,47,4701.81,3,0,0,39139.52,0
72,59,Male,29,17833.55,2,0,1,46855.53,0
73,21,Male,36,37874.09,4,0,1,60724.64,0
74,46,Male,52,13822.08,3,0,0,102688.89,0
75,35,Male,7,15617.46,1,1,0,71776.47,0
76,43,Male,29,32133.73,2,0,1,20885.91,0
77,61,Female,11,9792.04,4,0,0,88042.93,1
78,51,Male,33,44847.9,4,1,1,139796.74,0
79,27,Female,6,26009.53,3,0,0,125570.09,0
80,53,Female,32,22380.15,4,1,1,127277.48,0
81,31,Male,51,27891.01,3,1,1,123357.54,0
82,48,Female,58,8301.72,3,0,1,62085.01,0
83,65,Female,26,30673.66,2,1,1,119475.2,0
84,32,Female,46,18155.04,2,0,1,38610.98,0
85,25,Female,29,44859.32,1,0,0,105503.1,0
86,31,Male,4,8442.71,2,1,1,103403.91,0
87,40,Female,13,25352.56,2,1,0,23324.07,0
88,57,Male,39,29905.63,3,0,1,122436.12,0
89,38,Female,15,1669.18,2,1,1,137422.25,0
90,33,Female,29,18184.66,3,1,0,54763.99,0
91,62,Male,29,36631.76,3,0,0,125610.79,0
92,35,Female,32,41018.88,2,0,0,30712.78,0
93,64,Female,2,15658.1,1,1,0,97995.82,0
94,41,Female,47,39929.66,1,0,1,83134.09,0
95,43,Male,22,48387.79,4,0,0,90970.06,0
96,42,Female,27,42843.7,4,0,1,140406.68,0
97,62,Male,67,5882.2,2,0,0,133270.98,0
98,58,Female,56,36986.52,1,0,0,122060.88,0
99,46,Male,21,15983.34,3,0,1,55580.8,0
100,32,Male,47,49420.8,4,0,1,138536.42,0
101,62,Female,59,24267.95,3,1,0,32676.0,0
102,18,Female,6,6121.69,4,0,1,130932.8,0
103,42,Male,19,36259.28,2,1,1,62660.81,0
104,24,Male,57,16150.56,1,1,1,26990.4,0
105,26,Female,69,49853.91,4,1,1,107016.41,0
106,41,Male,3,48989.12,1,0,1,50066.39,0
107,18,Female,1,32806.7,3,0,1,51664.25,0
108,61,Female,58,6491.32,2,1,1,59786.13,0
109,25,Female,38,34343.05,1,0,1,28279.02,0
110,41,Female,15,4651.52,2,1,0,43026.53,0
111,28,Male,34,1468.21,1,0,1,20668.15,0
112,68,Female,61,41147.92,3,0,0,77903.24,0
113,34,Male,35,10487.65,3,1,1,30953.2,0
114,25,Female,64,18951.36,2,1,1,108744.84,0
115,52,Male,25,48672.87,3,1,1,50630.97,0
116,52,Female,24,16842.03,4,0,1,142664.64,0
117,50,Male,12,14824.49,1,1,0,133262.71,0
118,22,Male,18,45910.4,3,0,0,57627.32,0
119,59,Female,15,5537.42,4,0,1,121818.01,0
120,56,Female,27,37979.12,2,0,0,124421.84,0
121,58,Female,60,49403.28,4,1,1,148253.2,0
122,45,Female,46,45064.8,2,1,1,97719.2,0
123,24,Male,17,32583.4,2,1,0,30655.55,0
124,26,Female,53,15703.04,1,0,0,104088.84,0
125,25,Male,8,12716.1,1,0,1,101247.37,0
126,29,Male,27,40962.76,4,1,1,102985.58,0
127,51,Female,46,43991.1,1,0,0,59928.93,0
128,50,Male,50,26271.75,1,0,1,131758.35,0
129,65,Male,71,12217.0,1,1,0,144731.38,0
130,40,Male,3,5647.16,4,1,1,48302.63,0
131,41,Male,64,4358.97,3,1,1,31459.78,0
132,54,Female,44,35953.87,1,0,0,45289.55,0
133,52,Female,53,21005.94,1,0,0,126671.78,0
134,61,Female,24,45267.99,4,0,0,107963.8,0
135,57,Female,60,36983.57,3,0,1,102686.15,0
136,39,Male,3,9563.02,1,0,1,72233.11,0
137,44,Male,20,30688.87,2,1,1,95117.64,0
138,52,Female,46,21775.27,4,0,1,60023.64,0
139,18,Female,15,28862.49,1,0,0,82036.01,0
140,52,Female,25,36903.46,1,0,1,123098.19,0
141,54,Male,71,40309.79,2,1,1,147561.41,0
142,64,Female,17,42186.87,2,1,1,141223.56,0
143,31,Female,9,12698.74,4,1,0,141402.57,0
144,20,Female,38,1555.78,4,0,1,72289.09,0
145,18,Male,48,36964.74,2,1,1,80942.68,0
146,22,Male,60,5317.19,4,1,0,111732.6,0
147,43,Male,63,15745.98,2,1,1,139884.95,0
148,31,Male,2,190.86,1,0,1,38459.25,0
149,56,Male,11,34083.47,2,1,0,59551.44,0
150,44,Male,64,8356.6,2,0,1,38102.09,0
151,26,Male,21,32764.12,3,0,1,99561.11,0
152,32,Male,18,49587.13,2,1,1,59819.13,0
153,32,Female,64,3633.54,2,0,0,62394.02,0
154,43,Female,38,3853.9,3,1,1,29219.07,0
155,59,Male,32,17019.0,4,0,1,65473.49,0
156,30,Male,11,43319.33,3,1,0,132124.55,0
157,68,Female,45,10776.49,1,1,0,50299.47,0
158,49,Male,33,18018.89,3,1,1,110374.37,0
159,56,Male,41,3425.27,1,0,1,101851.68,0
160,66,Male,8,38157.76,4,1,1,132253.0,0
161,69,Female,11,20415.32,3,0,1,37197.43,0
162,49,Female,51,37962.44,3,1,0,147086.69,0
163,21,Female,41,45180.39,4,0,1,95741.72,0
164,47,Female,17,11638.16,1,0,0,149411.64,0
165,54,Female,46,40369.8,3,1,0,138496.91,0
166,40,Male,32,2954.69,1,1,1,48797.25,0
167,56,Female,54,44942.37,3,1,1,27301.06,0
168,62,Male,20,32538.43,2,1,0,53233.08,0
169,32,Male,33,43711.34,3,1,0,88583.27,0
170,60,Female,40,9.42,4,0,1,42307.53,0
171,46,Female,32,8454.05,4,1,0,41769.77,0
172,53,Male,2,19487.97,1,1,1,80137.16,0
173,30,Male,33,18975.15,3,0,1,24324.84,0
174,49,Male,30,11336.52,1,1,0,35845.45,0
175,24,Female,33,19080.6,1,1,0,74061.97,0
176,68,Female,26,6442.44,2,0,1,28206.89,0
177,39,Female,22,20638.06,2,1,0,71578.16,0
178,45,Female,66,40117.72,4,1,1,81620.81,0
179,19,Female,38,23953.5,1,1,1,78664.66,0
180,59,Male,46,900.0,4,0,1,132992.73,0
181,62,Female,15,21072.2,3,1,0,88908.12,0
182,23,Male,44,1358.75,1,0,1,80837.46,0
183,45,Male,49,48312.17,1,1,1,73392.2,0
184,45,Male,61,6372.7,3,0,1,126291.04,0
185,61,Female,67,35384.42,3,1,1,136357.36,0
186,61,Female,6,48638.82,4,0,1,130921.52,0
187,37,Female,9,41301.95,4,0,1,107561.06,0
188,47,Male,6,34965.77,3,0,1,37857.03,0
189,28,Male,32,41973.05,4,0,1,55993.1,0
190,45,Male,41,49089.93,3,0,1,25988.2,0
191,42,Male,8,31067.22,1,0,1,141007.13,0
192,56,Male,50,27959.24,1,1,1,105903.81,0
193,50,Male,62,31411.91,2,1,0,117027.17,0
194,18,Female,62,26633.79,1,0,1,60504.33,0
195,44,Female,7,31754.46,3,0,1,129934.96,0
196,69,Female,4,22492.11,4,0,1,53748.43,0
197,30,Female,6,10922.16,2,0,0,20213.69,0
198,58,Male,58,6012.36,4,1,1,68933.95,0
199,20,Male,22,3417.05,3,0,0,94198.99,0
200,56,Female,26,13165.79,1,1,1,82231.63,0
201,23,Male,3,2306.18,2,1,1,132069.9,0
202,25,Female,41,28358.54,3,0,0,33702.69,0
203,44,Female,60,14191.42,2,0,1,91997.05,0
204,26,Female,14,41226.74,2,1,0,86687.32,0
205,54,Male,12,3712.04,1,1,0,56581.09,0
206,50,Female,12,11317.57,3,0,1,126889.65,0
207,68,Female,13,36512.31,4,0,1,117870.33,0
208,59,Female,25,29940.41,2,0,1,115271.69,0
209,61,Male,45,3224.56,2,1,1,133905.02,0
210,41,Male,19,43861.97,4,1,0,113962.0,0
211,32,Female,55,43863.09,3,0,0,50139.37,0
212,49,Male,45,16520.4,2,1,1,111723.15,0
213,49,Male,8,17020.29,2,1,0,60001.37,0
214,41,Male,53,49451.42,2,0,0,51482.7,0
215,58,Male,55,31308.81,3,0,1,29490.47,0
216,69,Male,32,26565.83,3,1,0,116723.72,0
217,66,Male,51,41907.61,4,1,0,112430.13,0
218,66,Male,44,14264.52,3,0,1,50484.93,0
219,69,Male,70,21459.13,3,0,0,117419.27,0
220,29,Male,18,13388.83,1,0,1,139319.31,0
221,56,Male,22,39458.04,4,0,0,34043.76,0
222,19,Female,37,28667.47,2,0,1,50242.76,0
223,20,Female,56,32941.25,3,1,0,117533.9,0
224,66,Male,59,12615.36,2,1,0,55685.87,0
225,54,Female,3,11011.27,2,1,1,101206.32,0
226,66,Female,28,24418.73,1,1,1,30551.35,0
227,34,Male,35,36878.29,3,0,1,78786.32,0
228,66,Male,61,26261.99,4,0,1,116081.88,0
229,19,Male,54,1632.28,3,0,0,109246.81,0
230,19,Female,63,43427.58,2,1,0,125959.37,0
231,45,Female,7,3234.34,4,1,0,134068.78,1
232,40,Male,49,47791.22,3,1,1,120513.86,0
233,54,Male,31,1257.1,2,0,0,107306.41,0
234,49,Male,58,34722.52,2,1,0,24123.92,0
235,50,Female,61,4110.35,1,0,1,89545.67,0
236,18,Female,24,45533.83,1,0,1,24900.7,0
237,36,Female,20,23221.66,1,0,0,125048.82,0
238,19,Female,37,6876.19,2,0,1,61694.19,0
239,61,Male,4,17040.78,3,0,0,93115.82,0
240,43,Male,20,8241.23,1,0,0,56327.89,0
241,49,Male,60,8529.1,3,1,1,121725.02,0
242,23,Male,24,47405.42,1,0,0,135245.33,0
243,49,Female,50,22262.31,4,0,1,71823.52,0
244,21,Female,49,39440.11,4,1,1,132179.91,0
245,28,Male,51,31980.28,1,0,0,54719.75,0
246,34,Male,36,33821.32,2,1,0,89505.92,0
247,55,Female,66,6584.67,1,1,0,131638.99,0
248,41,Male,34,11709.22,1,1,1,62364.57,0
249,22,Female,36,39337.52,2,0,0,144025.49,0
250,69,Male,6,48538.31,4,0,1,35844.34,0
251,51,Male,39,13133.78,3,1,1,22375.76,0
252,23,Male,42,13578.44,1,0,0,137537.6,0
253,39,Male,58,23644.86,2,0,1,28924.33,0
254,28,Male,12,49192.02,1,1,0,148945.6,0
255,65,Male,3,13447.95,2,1,0,143681.59,0
256,33,Male,18,20348.6,3,0,0,37812.72,0
257,50,Female,40,44574.0,3,1,0,89886.0,0
258,26,Female,21,146.05,4,1,0,44039.64,0
259,23,Female,15,1988.3,2,1,0,75660.17,0
260,33,Female,26,30203.58,2,0,0,27985.27,0
261,46,Female,8,45369.01,4,0,1,49110.2,0
262,20,Male,42,11942.83,4,0,0,67225.46,0
263,37,Male,44,23482.09,2,1,1,77024.18,0
264,53,Female,14,22523.27,4,0,1,147074.51,0
265,36,Male,2,23648.57,3,1,1,125022.53,0
266,43,Female,37,31125.98,1,0,0,115863.29,0
267,20,Female,69,23487.19,3,0,1,89815.37,0
268,36,Male,38,22373.41,4,1,1,129199.71,0
269,37,Male,41,23714.42,2,0,0,64111.97,0
270,49,Male,62,29543.37,2,1,0,112156.88,0
271,24,Female,60,26850.37,3,0,1,149191.92,0
272,69,Male,14,42706.8,2,0,0,60901.76,0
273,58,Female,2,2474.84,4,1,0,107622.28,1
274,50,Female,70,41665.85,3,1,0,129760.93,0
275,57,Female,17,42196.23,2,1,0,139054.99,0
276,56,Male,28,14245.4,1,0,1,113331.25,0
277,35,Male,66,23142.6,1,0,0,56869.03,0
278,57,Female,35,21926.92,4,0,0,62416.68,0
279,18,Male,5,10925.49,2,1,0,22698.54,0
280,28,Male,65,19839.84,4,1,1,118915.18,0
281,45,Male,40,2219.39,3,1,1,25556.15,0
282,42,Female,56,13891.1,1,0,0,132404.81,0
283,67,Female,36,40834.11,3,0,0,35425.88,0
284,40,Male,45,14228.12,2,1,1,42343.95,0
285,48,Female,23,40910.33,4,0,0,81948.44,0
286,47,Male,47,26579.97,4,1,0,115924.45,0
287,59,Male,31,43993.13,4,0,1,38070.29,0
288,52,Male,11,28738.98,3,0,0,77209.24,0
289,24,Male,10,1483.41,1,1,0,82770.67,1
290,33,Female,67,33771.01,3,0,1,47597.13,0
291,43,Female,14,2242.68,3,0,1,35022.59,0
292,65,Female,10,22529.85,2,1,0,128734.72,0
293,69,Male,1,46471.33,2,1,1,85320.53,0
294,66,Male,5,8260.2,2,0,0,21869.56,1
295,19,Male,20,19493.62,1,1,0,124387.57,0
296,18,Female,8,36493.02,1,0,0,147503.19,0
297,65,Male,43,44112.93,2,1,1,98770.41,0
298,29,Female,1,33547.15,2,0,1,85482.09,0
299,22,Female,57,12908.66,1,0,0,134194.06,0
300,54,Female,64,33730.39,4,1,0,143827.18,0
301,49,Female,28,14836.38,1,0,1,118089.8,0
302,26,Female,37,35921.46,1,0,1,77908.88,0
303,58,Female,47,47701.66,1,1,1,96988.78,0
304,52,Male,37,36069.67,2,1,0,111121.6,0
305,36,Male,49,43144.03,4,0,1,45255.56,0
306,65,Female,44,105.19,1,1,1,78136.13,0
307,33,Female,56,35878.61,2,1,0,127876.76,0
308,20,Male,28,41479.38,3,0,0,105114.3,0
309,37,Female,6,2027.94,3,0,0,73456.53,1
310,41,Female,61,43579.89,1,1,1,106237.13,0
311,50,Male,20,12834.71,3,1,0,35368.91,0
312,41,Female,2,33264.61,4,1,0,72194.69,0
313,69,Female,37,40017.74,3,0,0,123106.71,0
314,28,Female,20,33133.23,3,0,0,48666.14,0
315,66,Male,26,4614.24,4,0,1,44175.0,0
316,25,Male,29,29816.08,1,0,0,143606.43,0
317,53,Male,1,27479.18,1,0,1,47286.69,0
318,55,Female,35,45016.06,4,0,1,53919.42,0
319,57,Female,70,20211.99,4,0,1,146050.07,0
320,37,Male,59,16054.05,4,1,0,115512.11,0
321,52,Female,69,37492.54,3,1,1,110947.55,0
322,65,Female,33,20633.77,4,0,0,130880.43,0
323,42,Female,51,32304.81,2,0,0,35057.0,0
324,52,Female,12,32322.5,3,0,0,111774.31,0
325,42,Female,20,44401.95,1,1,1,85479.52,0
326,46,Male,53,29934.62,1,0,0,127789.58,0
327,35,Female,43,25107.68,1,1,0,86058.42,0
328,63,Male,50,6943.57,3,1,0,100631.38,0
329,35,Female,29,5786.88,2,1,1,82106.48,0
330,19,Male,57,7716.08,4,1,1,82160.66,0
331,52,Female,39,8592.42,4,1,1,119836.1,0
332,33,Male,56,31893.85,1,0,0,101713.63,0
333,58,Female,43,37049.06,1,0,1,102324.22,0
334,53,Male,50,26499.58,3,1,0,78536.72,0
335,50,Female,23,41450.89,2,0,0,89044.23,0
336,21,Male,44,49563.16,4,1,1,116943.3,0
337,50,Female,38,41000.63,3,1,0,127372.32,0
338,31,Male,23,34744.12,4,0,1,110552.98,0
339,38,Male,45,26624.63,1,0,0,140129.49,0
340,65,Female,52,22442.65,4,0,1,126642.13,0
341,37,Female,50,4219.62,2,0,0,93042.29,0
342,25,Male,8,19968.44,2,0,0,107282.79,0
343,24,Female,1,45506.73,1,1,0,140420.08,0
344,20,Male,8,40401.13,2,0,0,100491.85,0
345,34,Male,29,10802.57,2,0,0,127224.9,0
346,50,Male,5,23330.39,3,0,1,109545.37,0
347,65,Female,47,40836.16,4,1,0,91751.73,0
348,29,Male,34,3369.23,1,0,1,51438.97,0
349,68,Male,65,19369.63,1,1,1,75379.68,0
350,39,Female,55,42592.06,1,0,1,145806.57,0
351,39,Female,43,20194.89,1,0,0,105509.5,0
352,63,Female,30,3880.73,1,1,0,93371.4,0
353,47,Female,17,27126.72,2,0,0,141284.36,0
354,55,Male,26,43087.12,3,0,1,96246.53,0
355,55,Male,8,29514.28,1,1,0,88390.73,0
356,62,Male,47,11313.96,3,0,0,118710.41,0
357,68,Male,46,19211.98,3,1,1,112646.53,0
358,25,Female,68,22506.17,2,1,1,45110.8,0
359,44,Male,33,28963.32,1,1,1,81270.08,0
360,44,Male,1,37967.55,2,1,1,81427.01,0
361,51,Female,19,4943.68,1,1,1,69169.19,0
362,38,Male,31,44482.6,2,0,1,87248.15,0
363,47,Male,14,615.49,3,0,0,73703.96,0
364,50,Male,53,18502.62,1,0,1,45914.91,0
365,45,Male,48,1371.02,4,1,0,73607.64,0
366,64,Male,69,19648.71,3,1,0,29396.0,0
367,50,Male,62,26290.63,4,1,0,94852.16,0
368,22,Female,66,25584.07,3,1,1,130975.09,0
369,65,Female,64,8281.42,2,0,0,114287.32,0
370,36,Male,70,32287.03,1,0,1,66851.23,0
371,21,Male,63,2238.92,3,1,1,31319.26,0
372,52,Female,33,38095.34,2,1,0,46279.42,0
373,66,Male,41,47332.22,1,0,1,90913.74,0
374,34,Male,48,16988.44,1,1,0,46917.42,0
375,61,Male,13,25861.97,3,1,0,90716.5,0
376,45,Female,31,18945.51,1,1,1,50107.87,0
377,47,Male,68,335.52,3,0,0,130360.1,0
378,46,Female,4,19293.73,1,0,0,71645.29,0
379,63,Male,19,39586.01,4,1,0,51921.58,0
380,23,Female,70,29799.44,2,0,1,125602.4,0
381,52,Female,13,5063.0,4,1,0,64569.07,0
382,58,Male,23,42356.97,3,1,1,34493.4,0
383,54,Female,1,26554.27,4,0,1,94153.23,0
384,41,Male,54,42086.17,3,1,0,95603.35,0
385,46,Female,71,29011.08,1,1,0,112910.44,0
386,66,Male,15,27984.42,1,0,1,51228.53,0
387,63,Male,65,5262.96,3,1,1,77690.27,0
388,48,Female,71,8367.99,4,1,0,56707.83,0
389,52,Male,15,48601.26,1,1,0,30523.99,0
390,50,Male,21,11424.34,2,0,1,133959.8,0
391,69,Female,19,48872.61,1,1,1,114753.07,0
392,38,Male,60,26595.64,2,0,1,59190.2,0
393,49,Male,33,6789.45,4,1,1,97918.49,0
394,40,Female,49,4965.11,2,1,1,46164.29,0
395,50,Female,35,10443.2,2,1,0,135730.76,0
396,20,Male,44,46281.87,2,1,1,34937.82,0
397,35,Male,11,20707.51,2,0,1,20498.83,0
398,42,Female,66,19771.71,1,0,0,85261.07,0
399,59,Female,46,15660.31,2,1,0,95806.62,0
400,48,Male,9,7353.09,1,1,1,95265.49,0
401,20,Female,3,24392.56,2,1,1,27086.55,0
402,57,Male,26,6502.39,3,1,0,60825.69,0
403,63,Male,48,41774.01,4,1,1,84895.86,0
404,41,Male,66,18519.85,2,1,1,48155.29,0
405,67,Male,70,18740.18,3,1,0,133441.37,0
406,49,Male,28,23700.32,2,1,1,31324.21,0
407,64,Female,26,22206.39,2,0,0,83359.98,0
408,39,Female,25,49742.9,2,0,0,109884.09,0
409,40,Female,12,27269.06,3,0,0,54027.64,0
410,19,Female,5,4410.09,4,1,0,101151.3,1
411,44,Male,48,30343.87,3,1,1,127820.07,0
412,59,Male,37,7579.21,4,1,0,44743.81,0
413,19,Male,44,1546.88,2,0,1,139238.68,0
414,43,Male,15,48537.11,1,1,1,91962.61,0
415,34,Female,43,38676.94,2,0,1,58900.16,0
416,57,Male,48,49005.45,4,1,1,76011.58,0
417,50,Male,70,23893.92,3,0,1,60584.94,0
418,26,Female,46,26612.88,2,0,0,114264.45,0
419,60,Female,43,8416.85,3,0,0,123519.09,0
420,65,Female,21,12345.37,3,1,0,128281.86,0
421,56,Female,23,41927.46,3,0,0,148149.87,0
422,46,Male,47,17809.28,2,1,1,122866.96,0
423,59,Male,15,41340.75,3,1,0,98179.93,0
424,43,Female,25,35450.69,3,1,1,64098.64,0
425,52,Male,36,8858.55,2,1,1,90797.41,0
426,67,Male,51,25372.32,3,1,0,25338.86,0
427,42,Male,15,33869.37,2,0,0,116827.26,0
428,41,Female,68,11751.86,4,1,0,77974.22,0
429,30,Male,21,41534.43,4,1,0,22603.02,0
430,24,Female,13,27241.38,4,1,1,28125.9,0
431,53,Male,19,8262.1,3,1,1,70370.64,0
432,62,Male,34,29149.22,1,1,0,95844.8,0
433,37,Male,68,49985.69,1,0,1,80346.51,0
434,18,Female,52,7526.07,3,0,1,100496.56,0
435,25,Male,27,40837.85,1,1,1,82438.25,0
436,63,Female,29,10365.45,2,0,0,106021.5,0
437,33,Female,28,39119.42,1,0,1,48486.39,0
438,31,Female,35,36728.9,3,1,0,34669.61,0
439,29,Male,8,15024.47,3,0,0,97536.41,0
440,68,Male,16,16291.16,2,1,1,83009.64,0
441,40,Male,36,39626.07,4,0,1,23492.8,0
442,32,Male,30,23072.28,3,0,0,69462.65,0
443,45,Female,18,36540.9,2,0,1,33796.33,0
444,51,Female,2,7399.21,1,1,1,89076.39,0
445,19,Female,49,42627.89,1,0,0,71451.1,0
446,49,Male,4,35544.24,2,0,0,99709.75,0
447,40,Female,7,45347.14,2,1,0,124728.29,0
448,39,Male,39,6618.62,3,1,0,58956.93,0
449,68,Female,13,29650.73,1,0,1,145073.27,0
450,42,Male,31,29956.03,2,1,1,89632.49,0
451,39,Male,71,17673.04,1,0,0,100377.8,0
452,39,Female,63,22923.32,2,0,0,108487.41,0
453,66,Female,56,1899.08,1,1,0,106675.1,0
454,69,Female,42,37293.0,4,1,1,86426.2,0
455,59,Female,61,27466.12,3,1,0,75739.36,0
456,23,Male,42,2887.05,1,0,1,26991.66,0
457,32,Female,56,34037.79,4,1,0,22871.16,0
458,60,Female,36,23339.1,1,0,0,66534.96,0
459,54,Female,68,1723.06,1,1,0,63375.92,0
460,50,Male,7,48480.39,4,0,1,70400.37,0
461,25,Male,54,47455.61,1,1,1,37987.87,0
462,61,Female,1,25645.12,1,0,1,115961.88,0
463,61,Male,44,4683.62,3,1,0,131405.37,0
464,22,Female,45,37731.06,4,0,1,142032.9,0
465,56,Male,47,24596.56,4,1,1,84007.1,0
466,21,Male,13,15122.37,2,1,0,111112.54,0
467,23,Male,22,24570.91,1,0,0,131221.65,0
468,62,Male,21,26122.21,3,1,1,74377.84,0
469,49,Female,9,28135.58,1,0,1,60223.66,0
470,69,Female,26,22061.19,1,0,1,141774.19,0
471,47,Female,9,30287.77,2,1,1,87037.95,0
472,64,Male,15,45936.74,1,0,0,84643.01,0
473,52,Female,10,18113.4,3,1,0,43194.09,0
474,57,Female,42,36285.82,3,1,0,34060.15,0
475,69,Female,24,44722.63,2,0,1,129473.89,0
476,33,Male,49,22798.96,1,1,1,99837.31,0
477,30,Male,26,22172.79,3,0,0,62357.2,0
478,67,Male,37,30105.85,1,0,0,44925.71,0
479,59,Female,68,29570.34,1,1,1,92214.65,0
480,47,Female,50,40329.47,1,1,1,95909.51,0
481,36,Female,24,23824.17,2,0,0,46909.17,0
482,34,Male,19,49806.15,1,0,0,130682.75,0
483,36,Male,60,2973.58,3,1,0,30954.37,0
484,45,Female,39,158.39,1,1,1,66292.1,0
485,43,Male,18,32009.92,3,1,1,108449.97,0
486,54,Male,19,14921.75,1,1,1,55635.65,0
487,43,Male,36,12019.12,3,0,1,127597.78,0
488,40,Male,55,15594.95,3,1,1,116182.82,0
489,26,Female,69,12802.38,1,0,1,122572.97,0
490,29,Male,47,1539.5,1,0,0,35483.85,0
491,18,Male,49,48576.65,3,1,0,38271.13,0
492,18,Male,33,11037.27,4,0,1,57241.59,0
493,64,Male,21,36701.49,2,1,0,87350.03,0
494,51,Female,22,38129.82,4,0,1,117242.09,0
495,49,Female,48,46462.87,4,1,0,128749.02,0
496,65,Male,37,1527.47,1,0,1,111563.59,0
497,42,Male,15,43602.42,2,0,0,140717.59,0
498,57,Male,35,26361.31,4,1,0,116036.66,0
499,62,Male,71,31627.21,1,1,1,59814.83,0
500,18,Male,32,32223.51,4,0,1,54460.57,0
501,33,Male,11,40989.89,4,0,0,110505.02,0
502,56,Female,10,16670.37,1,1,0,45073.17,0
503,22,Male,57,36652.56,1,0,1,32052.93,0
504,39,Female,25,26428.91,1,1,0,89188.97,0
505,46,Female,2,39669.7,2,0,1,126813.4,0
506,20,Male,64,49527.3,4,1,1,33179.38,0
507,29,Female,35,10032.55,1,0,0,122945.87,0
508,43,Female,7,49732.43,3,1,1,125504.36,0
509,33,Female,18,4490.61,4,1,0,82695.62,0
510,68,Female,67,115.88,3,0,0,27450.34,0
511,54,Female,42,2208.1,2,1,1,42696.68,0
512,39,Female,39,17089.12,1,0,0,111965.42,0
513,46,Male,41,31645.32,3,1,1,112531.13,0
514,31,Female,24,3451.48,2,1,1,136786.19,0
515,45,Female,60,283.29,1,1,1,95749.2,0
516,22,Female,46,46854.55,3,0,0,36133.96,0
517,64,Male,19,41096.33,3,1,1,35783.94,0
518,66,Female,68,40459.16,2,0,0,113747.21,0
519,47,Male,42,44221.21,1,1,1,43892.01,0
520,63,Female,32,35001.71,1,0,1,62690.11,0
521,69,Male,39,5220.21,3,0,1,83337.56,0
522,22,Male,36,19955.01,3,0,0,23219.43,0
523,29,Female,36,36157.47,3,1,0,52346.47,0
524,33,Female,3,14016.72,1,0,1,73025.65,0
525,43,Male,8,34370.32,2,1,1,56352.72,0
526,43,Female,70,1224.92,2,0,0,37728.14,0
527,65,Male,41,15306.87,1,0,0,114641.59,0
528,38,Male,68,27456.52,4,0,0,125709.2,0
529,56,Male,13,31604.49,2,0,1,53472.27,0
530,53,Male,49,28852.03,3,1,0,120674.53,0
531,50,Male,60,34887.81,4,0,1,70121.96,0
532,47,Female,2,304.44,4,0,0,85869.15,1
533,54,Male,60,5047.06,2,1,1,131280.14,0
534,40,Male,5,43447.21,4,0,1,117493.98,0
535,27,Female,44,34087.43,4,0,1,124665.19,0
536,22,Male,27,5646.58,2,0,0,37789.87,0
537,53,Female,32,42103.72,2,0,0,29063.53,0
538,51,Female,21,12111.56,4,1,0,136142.61,0
539,69,Female,8,23912.99,3,1,1,70418.46,0
540,48,Male,50,7259.83,1,0,1,57424.36,0
541,27,Male,67,35505.5,4,1,0,114210.51,0
542,36,Male,44,33342.72,4,1,1,128734.03,0
543,49,Female,58,10555.62,3,0,1,132123.65,0
544,18,Male,3,43170.04,4,1,1,61079.63,0
545,22,Female,70,20065.3,4,0,0,130787.61,0
546,62,Male,2,14625.75,1,1,1,25321.41,0
547,21,Female,44,7616.48,1,1,0,26455.99,0
548,33,Male,2,13308.4,1,1,0,101057.5,0
549,41,Male,35,1101.35,2,0,0,28203.83,0
550,33,Male,30,29162.87,2,1,0,62199.19,0
551,19,Female,8,42111.54,1,0,0,107458.28,0
552,66,Female,22,27449.02,1,0,1,63844.7,0
553,45,Male,44,10963.7,2,1,0,43347.97,0
554,49,Male,58,1683.46,3,0,0,56575.58,0
555,44,Female,36,10731.4,4,1,0,79484.79,0
556,37,Female,69,20806.07,4,0,1,81800.16,0
557,41,Female,31,37980.57,1,0,1,121790.03,0
558,29,Male,47,9392.14,3,1,1,117519.92,0
559,67,Female,55,35989.57,2,1,1,79386.31,0
560,52,Male,62,43346.67,1,1,0,129936.76,0
561,50,Female,30,22697.34,3,1,0,34850.83,0
562,50,Male,55,41071.6,3,0,1,53195.94,0
563,68,Female,16,27732.87,3,0,1,127636.94,0
564,60,Female,12,31854.54,2,0,1,69139.23,0
565,54,Female,17,26313.92,2,1,1,147553.6,0
566,29,Female,16,23158.64,4,0,0,80612.93,0
567,20,Female,12,11732.67,4,1,1,122951.63,0
568,18,Male,8,15159.7,3,0,1,72299.92,0
569,50,Female,3,14498.51,3,1,1,75243.96,0
570,57,Female,16,28164.45,2,0,1,69774.81,0
571,27,Female,30,5997.68,4,0,1,113479.83,0
572,60,Male,23,45839.58,3,1,1,91177.32,0
573,61,Female,5,36032.76,4,0,1,142691.15,0
574,46,Male,65,20072.28,4,1,0,52615.74,0
575,30,Female,30,7931.21,3,0,0,33073.16,0
576,29,Female,21,44099.61,2,0,0,71123.99,0
577,48,Male,70,41188.9,3,1,0,100172.65,0
578,63,Female,22,36086.08,3,1,0,131903.86,0
579,19,Male,32,13577.35,4,0,0,65005.6,0
580,68,Male,33,20122.33,3,0,1,104992.28,0
581,67,Female,16,5137.41,2,0,1,65525.83,0
582,52,Male,38,9451.98,3,0,0,100238.55,0
583,40,Female,14,39150.83,2,0,1,135025.03,0
584,34,Female,36,35751.94,2,0,0,50076.49,0
585,43,Male,23,29674.29,4,1,1,72551.41,0
586,25,Male,66,44786.34,1,1,1,149124.48,0
587,46,Male,2,29163.33,1,1,1,132912.41,0
588,43,Male,65,23348.4,4,0,1,93403.18,0
589,27,Female,67,17018.54,3,0,1,87161.59,0
590,43,Female,52,47022.43,4,0,1,56998.05,0
591,51,Male,62,4135.77,2,1,0,87237.23,0
592,68,Female,23,46544.37,1,1,0,130263.59,0
593,58,Female,26,41335.73,4,0,1,109072.69,0
594,24,Female,68,6496.5,3,0,0,57705.72,0
595,21,Female,55,28249.22,4,1,1,46190.31,0
596,67,Male,6,43327.4,1,1,0,54477.11,0
597,62,Male,35,28590.46,4,1,1,42068.7,0
598,28,Female,22,45359.99,4,0,0,32433.29,0
599,46,Male,43,47149.19,1,0,1,74487.7,0
600,53,Male,15,21119.23,2,0,0,34728.95,0
601,42,Male,60,18865.68,2,1,1,42348.63,0
602,38,Female,12,46816.06,1,1,0,91152.21,0
603,53,Female,49,33757.0,4,0,1,41397.91,0
604,27,Female,42,5801.13,1,0,1,28304.37,0
605,54,Male,38,2114.59,2,1,1,61260.55,0
606,26,Female,45,28231.45,3,0,0,48641.48,0
607,41,Female,35,46508.55,4,1,0,86989.67,0
608,52,Male,30,42212.44,2,1,0,33307.72,0
609,66,Female,30,33792.39,4,0,1,117730.2,0
610,52,Female,6,6955.79,1,1,0,137810.36,1
611,65,Male,67,12711.57,3,0,1,116646.57,0
612,53,Male,7,43775.56,1,1,0,89267.51,0
613,35,Male,52,9140.36,3,1,0,131886.82,0
614,66,Female,14,13921.97,4,0,0,110339.39,0
615,56,Female,15,6480.03,4,1,0,21371.65,0
616,49,Female,21,33805.41,1,0,1,71231.72,0
617,41,Male,35,47199.12,3,0,0,130623.75,0
618,40,Male,66,13448.4,3,1,0,64961.65,0
619,49,Female,2,23770.33,4,0,1,24577.97,0
620,54,Female,35,31716.99,1,0,1,117003.35,0
621,29,Male,20,49973.31,3,0,0,124264.98,0
622,66,Male,10,5240.4,4,0,0,40877.18,1
623,30,Male,25,24928.54,2,0,1,89854.26,0
624,40,Male,66,19256.01,1,0,1,44954.21,0
625,42,Female,25,43291.01,2,1,1,113500.47,0
626,52,Male,54,23798.39,1,0,0,55301.56,0
627,58,Female,33,5548.88,4,1,0,61107.97,0
628,47,Female,36,31721.21,3,1,0,129846.21,0
629,34,Female,14,38539.03,3,0,1,81921.91,0
630,66,Male,65,144.06,3,1,1,107068.08,0
631,37,Male,54,42947.83,1,1,1,72308.5,0
632,65,Male,52,9301.15,4,0,0,58740.89,0
633,42,Male,3,27603.47,2,0,1,101312.15,0
634,39,Female,41,20789.88,4,0,0,40131.48,0
635,30,Male,6,35982.69,2,1,1,68489.98,0
636,36,Male,25,18558.08,1,1,0,47174.81,0
637,66,Female,13,43488.16,1,0,0,110453.35,0
638,53,Male,8,36524.82,2,0,1,142747.15,0
639,29,Female,21,32385.66,2,1,0,149416.43,0
640,58,Female,68,39812.03,2,1,1,78535.99,0
641,36,Female,25,37701.15,4,1,0,52828.95,0
642,29,Female,68,1796.93,2,1,1,77567.82,0
643,26,Female,45,19736.72,1,0,1,130145.02,0
644,24,Female,60,46540.36,1,1,0,46780.74,0
645,45,Female,12,6286.21,3,1,1,143772.43,0
646,31,Female,32,36854.83,2,1,0,64442.55,0
647,48,Male,13,48729.59,4,1,1,148154.48,0
648,69,Male,31,2609.93,4,0,1,129019.16,0
649,36,Male,20,34109.69,4,0,1,125114.17,0
650,64,Male,18,23407.71,3,1,1,61327.61,0
651,33,Female,60,28958.76,1,1,0,21141.04,0
652,22,Male,63,4267.07,4,0,1,69677.28,0
653,52,Female,6,2150.35,1,0,1,59235.22,0
654,29,Male,32,33343.33,3,1,0,24861.61,0
655,42,Male,43,41165.47,2,1,0,85697.48,0
656,69,Male,2,39100.77,2,0,0,72394.07,0
657,38,Female,60,27190.29,2,0,0,102492.34,0
658,53,Male,23,4993.34,4,0,0,100754.22,0
659,40,Female,31,34402.22,2,0,0,35697.06,0
660,33,Female,5,12094.44,4,0,1,147005.52,0
661,56,Male,34,45553.44,3,0,0,44301.09,0
662,62,Male,10,41913.27,3,1,1,77885.62,0
663,59,Male,2,35469.15,4,0,0,83455.28,0
664,56,Female,11,47442.3,1,0,1,125698.16,0
665,31,Male,50,1571.09,2,0,1,32899.85,0
666,48,Female,31,36810.02,2,0,1,75723.76,0
667,22,Female,56,16512.14,2,1,0,101705.28,0
668,52,Male,9,45303.29,4,1,0,47970.23,0
669,40,Male,21,13333.76,3,0,0,101570.83,0
670,46,Female,28,36242.82,2,1,0,140076.43,0
671,60,Female,62,43882.35,3,1,1,149677.36,0
672,28,Female,7,2082.84,2,1,0,24218.64,1
673,35,Male,16,19882.38,2,1,1,50626.47,0
674,64,Female,4,38115.45,4,1,1,60339.93,0
675,29,Male,4,22745.94,1,1,0,71886.39,0
676,26,Female,40,13362.63,4,0,0,51493.43,0
677,27,Female,17,10990.27,2,0,0,46453.44,0
678,61,Male,52,6575.91,2,0,1,144092.0,0
679,34,Female,52,42856.48,1,0,0,139407.81,0
680,55,Male,36,28767.77,3,0,1,26109.03,0
681,24,Male,38,3819.25,3,1,0,64045.69,0
682,63,Female,50,19129.02,2,0,1,72669.31,0
683,30,Male,63,18386.68,3,0,0,51071.89,0
684,57,Male,63,9086.96,2,1,0,101753.48,0
685,59,Female,62,21775.38,1,1,1,103249.5,0
686,26,Male,7,16604.97,1,0,0,130565.55,0
687,67,Male,27,17090.19,2,1,0,116313.0,0
688,44,Male,14,36951.33,1,1,0,90534.53,0
689,19,Female,71,11163.17,4,1,0,104966.28,0
690,22,Male,5,32093.0,4,1,0,55618.54,0
691,46,Female,55,28532.48,1,0,0,97097.3,0
692,54,Female,2,28404.63,2,1,0,83599.54,0
693,55,Male,62,33150.37,2,0,1,37334.78,0
694,36,Male,21,27419.1,1,0,1,51530.76,0
695,25,Male,21,43962.76,3,1,0,57920.15,0
696,65,Female,10,33779.0,4,1,0,140160.24,0
697,62,Male,58,27348.16,3,1,0,49950.26,0
698,18,Male,39,41488.16,2,0,1,57601.71,0
699,39,Male,5,30307.33,2,1,1,68016.04,0
700,69,Male,65,14557.21,3,1,0,106286.56,0
701,34,Male,13,10354.75,1,1,1,35370.99,0
702,24,Female,53,7616.39,3,1,0,144012.88,0
703,42,Female,45,44972.76,3,1,0,132524.26,0
704,62,Male,32,35506.77,4,0,0,95038.09,0
705,21,Male,36,46868.92,4,1,0,107624.92,0
706,53,Male,60,30164.59,3,1,1,22165.86,0
707,23,Male,11,23670.04,3,1,1,64062.82,0
708,48,Female,63,2985.82,2,0,0,123435.83,0
709,36,Male,21,33582.11,4,1,1,30072.79,0
710,61,Female,52,29110.44,4,0,1,56700.8,0
711,56,Female,55,49510.44,2,0,0,96088.59,0
712,44,Male,26,11957.94,1,1,1,53333.69,0
713,27,Female,68,26536.87,4,1,0,141417.14,0
714,43,Female,34,32547.87,4,1,0,37037.62,0
715,36,Female,52,32229.56,1,0,0,123661.27,0
716,56,Female,52,28064.68,4,0,0,86033.33,0
717,20,Male,29,38846.4,4,0,1,117543.0,0
718,62,Male,38,10249.06,1,0,0,60392.99,0
719,30,Female,42,36281.36,1,0,1,86883.65,0
720,67,Male,21,30986.73,3,0,0,131388.6,0
721,45,Male,42,44803.76,2,1,0,80694.15,0
722,37,Male,13,42359.72,2,1,1,66763.58,0
723,45,Male,64,15757.35,1,0,0,89700.2,0
724,25,Male,17,13811.87,1,1,1,113257.16,0
725,58,Female,9,49082.67,4,1,1,77663.23,0
726,56,Male,41,26363.26,3,0,0,142054.01,0
727,18,Male,1,45321.05,3,0,0,58342.96,0
728,20,Male,2,8194.05,1,1,0,81810.27,1
729,30,Male,60,32140.95,4,0,0,118400.6,0
730,45,Female,48,40493.01,4,0,0,109585.74,0
731,66,Female,29,47369.76,2,1,0,132273.34,0
732,42,Female,10,16867.01,2,0,1,149585.19,0
733,50,Female,58,36249.06,4,1,1,75491.58,0
734,55,Male,60,26940.65,2,1,0,34449.61,0
735,23,Female,21,3031.45,1,1,1,23954.06,0
736,61,Male,28,34499.99,4,1,1,114494.0,0
737,62,Male,34,34504.83,2,1,0,133621.78,0
738,49,Male,8,46530.34,3,0,0,48692.64,0
739,62,Male,59,24865.62,4,0,1,40598.24,0
740,64,Male,49,11512.55,4,0,0,28086.66,0
741,38,Female,17,2228.19,3,0,1,126951.38,0
742,33,Female,60,20782.11,1,1,0,60479.65,0
743,38,Female,45,15095.84,3,1,1,72220.6,0
744,28,Female,69,38054.42,4,0,1,85357.52,0
745,54,Male,32,17713.39,1,1,1,129128.92,0
746,53,Female,44,47453.56,2,0,1,104608.32,0
747,52,Male,65,48115.51,2,0,0,99958.4,0
748,36,Female,8,31045.43,2,0,0,42837.37,0
749,37,Male,43,46433.01,4,1,1,86714.69,0
750,35,Male,1,38042.72,3,1,1,112999.53,0
751,64,Female,51,27342.98,1,1,0,146523.91,0
752,58,Male,24,9015.4,2,1,0,46182.82,0
753,66,Male,24,22929.9,1,0,1,21240.64,0
754,31,Female,17,28043.72,4,1,1,29789.19,0
755,32,Male,5,43198.08,2,1,1,68860.82,0
756,48,Female,20,24066.67,4,1,1,126670.8,0
757,18,Female,21,44883.73,3,0,1,20928.47,0
758,20,Female,58,33717.45,4,0,0,79374.98,0
759,33,Male,31,6849.95,4,1,1,62799.98,0
760,40,Male,11,49749.07,3,1,0,26822.62,0
761,28,Male,52,26361.63,1,1,0,78530.72,0
762,29,Female,15,19592.91,3,1,0,53117.33,0
763,27,Male,7,32955.69,3,0,1,65745.03,0
764,49,Female,28,5444.67,4,1,0,111729.99,0
765,33,Female,51,31826.93,1,1,0,87801.63,0
766,25,Male,58,24911.8,2,1,0,36204.17,0
767,55,Female,5,20333.7,3,0,0,144983.89,0
768,29,Male,5,47651.0,1,0,1,102668.4,0
769,41,Male,8,26126.99,3,1,1,119562.9,0
770,45,Male,64,10955.87,3,1,0,30297.71,0
771,25,Male,10,22948.17,3,1,0,26117.59,0
772,45,Male,38,45969.37,3,1,1,22528.25,0
773,53,Female,8,8804.77,4,1,1,44543.22,0
774,43,Female,25,10697.85,1,0,1,73873.09,0
775,25,Female,66,651.48,1,0,0,141657.4,0
776,67,Male,50,709.5,1,0,1,79417.76,0
777,45,Male,67,41469.58,3,1,0,57733.16,0
778,45,Male,49,36606.13,4,0,0,93051.58,0
779,54,Female,36,17752.05,3,0,1,34551.5,0
780,58,Male,68,34915.56,3,0,0,99235.77,0
781,53,Female,41,19760.3,1,1,1,93896.15,0
782,44,Female,62,47644.84,3,1,0,122959.09,0
783,34,Male,10,48352.63,2,0,1,148269.39,0
784,26,Male,21,19639.69,3,1,0,52613.55,0
785,50,Female,36,42711.1,2,0,0,86255.34,0
786,37,Male,12,38654.45,3,0,1,138152.5,0
787,30,Female,2,15500.0,4,0,1,122074.68,0
788,45,Male,13,11601.99,4,0,1,83362.82,0
789,65,Male,53,22911.73,1,1,1,142898.31,0
790,46,Female,32,39067.44,3,1,0,27440.77,0
791,30,Male,16,48008.39,2,1,1,141029.82,0
792,63,Female,32,38178.95,2,1,1,26565.96,0
793,52,Male,32,42760.35,3,0,0,91149.62,0
794,23,Female,11,30153.22,2,1,1,135757.32,0
795,35,Female,10,41770.39,4,0,1,54153.72,0
796,68,Male,15,39221.04,2,1,0,81392.3,0
797,22,Female,17,18849.28,1,1,1,62162.75,0
798,64,Male,40,27599.52,4,1,1,143778.71,0
799,42,Male,18,40237.66,4,0,1,127073.93,0
800,19,Male,55,2302.84,4,0,1,112170.2,0
801,27,Female,25,40403.96,3,0,1,96391.51,0
802,47,Female,59,8894.41,3,0,1,126676.93,0
803,67,Male,22,25734.18,4,1,0,70994.72,0
804,62,Male,30,40413.77,3,0,1,78181.74,0
805,22,Female,44,12691.05,2,0,0,114900.22,0
806,50,Male,32,12290.37,3,1,0,66508.12,0
807,18,Male,51,20138.22,3,1,0,28307.12,0
808,35,Female,46,44732.14,4,0,0,29663.5,0
809,49,Male,21,22.14,1,1,1,34997.16,0
810,64,Female,32,45069.15,1,0,1,133058.57,0
811,66,Male,39,7690.35,1,1,1,81389.44,0
812,28,Female,12,49504.32,2,0,0,112674.71,0
813,38,Male,47,47742.35,3,0,1,71078.21,0
814,43,Male,18,24733.76,1,0,1,53632.42,0
815,42,Female,21,25636.01,4,0,1,65134.98,0
816,39,Male,13,24077.47,1,0,0,123243.7,0
817,44,Female,21,31772.18,1,1,0,101278.1,0
818,66,Male,8,4536.09,3,0,1,141893.17,0
819,30,Female,46,1630.9,3,0,0,108361.62,0
820,50,Female,7,2885.15,3,0,0,94123.61,1
821,51,Female,23,22218.27,2,0,1,99325.48,0
822,58,Female,22,13777.4,2,0,0,142508.29,0
823,52,Male,22,31101.98,1,1,0,122466.12,0
824,18,Male,29,49622.11,3,1,1,23125.36,0
825,38,Female,13,19316.16,1,0,0,89438.16,0
826,65,Female,2,28692.06,4,1,0,109483.99,0
827,23,Female,29,20780.19,4,0,0,117330.8,0
828,45,Male,52,42363.58,3,1,0,47708.48,0
829,34,Male,27,45111.82,3,1,0,132733.06,0
830,22,Male,50,43867.78,4,0,0,144259.61,0
831,48,Male,23,48718.61,3,1,0,50772.99,0
832,22,Female,44,1375.96,2,1,0,134740.01,0
833,55,Female,22,41990.81,2,0,1,32607.24,0
834,20,Female,43,37588.61,3,0,1,27241.89,0
835,40,Male,37,11434.72,4,1,1,36799.09,0
836,54,Male,61,47816.0,1,1,1,27506.34,0
837,54,Male,56,7408.9,3,1,0,129851.59,0
838,27,Female,3,33977.5,3,0,1,27676.52,0
839,27,Female,63,11244.51,1,1,1,55316.34,0
840,36,Male,19,21569.03,3,1,0,33488.32,0
841,34,Female,23,35957.99,1,1,0,58404.86,0
842,38,Male,29,28166.23,4,0,0,31772.73,0
843,31,Male,30,21375.09,2,0,0,106840.42,0
844,26,Female,39,16316.92,4,0,0,37332.49,0
845,63,Male,25,41982.98,2,0,1,130739.97,0
846,18,Female,8,7190.72,1,1,0,126234.84,1
847,68,Male,58,21505.14,2,0,1,21776.02,0
848,62,Female,16,45187.88,4,1,1,136444.43,0
849,30,Female,1,42292.48,2,1,0,23762.76,0
850,21,Female,5,20047.09,1,1,1,51153.95,0
851,18,Male,3,38155.42,2,1,1,24210.59,0
852,66,Male,65,41158.04,3,0,0,63659.65,0
853,57,Female,4,44444.37,4,0,1,86802.65,0
854,49,Female,64,27225.29,3,0,1,123563.83,0
855,51,Male,10,10223.04,1,0,1,63937.6,0
856,45,Male,21,12765.45,2,0,0,111713.7,0
857,48,Male,46,14784.73,3,1,0,44375.58,0
858,25,Female,27,29690.12,3,0,0,117577.8,0
859,56,Male,66,1640.48,2,0,1,50679.56,0
860,43,Male,41,31802.12,2,0,0,38660.82,0
861,51,Female,13,18217.71,4,0,1,44103.15,0
862,20,Male,9,14762.09,3,1,0,43668.21,0
863,67,Male,36,43974.83,3,1,1,86672.17,0
864,29,Male,58,23000.12,1,1,0,129823.69,0
865,18,Female,54,4752.65,4,1,0,30348.66,0
866,61,Female,12,41337.34,1,1,1,111904.32,0
867,22,Female,14,2382.06,3,0,0,105065.04,0
868,47,Female,34,36337.46,1,1,1,133427.59,0
869,47,Female,53,38695.31,3,1,0,51739.18,0
870,34,Female,20,17630.13,3,1,0,78514.28,0
871,65,Female,16,41239.39,1,0,1,140357.56,0
872,64,Male,70,25782.97,1,0,1,105799.15,0
873,40,Male,56,23164.68,2,1,1,70539.89,0
874,32,Female,58,2270.16,2,0,0,37083.61,0
875,54,Male,4,14501.46,2,0,1,54123.05,0
876,38,Male,4,46550.5,3,1,0,95558.01,0
877,31,Female,20,19591.2,1,0,1,113361.83,0
878,19,Male,10,27335.03,4,0,1,36174.85,0
879,28,Male,24,26601.08,3,0,1,97947.64,0
880,68,Male,26,29521.55,4,1,1,91545.67,0
881,56,Male,37,3066.55,1,1,1,86814.21,0
882,55,Male,54,18108.81,3,1,1,109716.01,0
883,51,Female,21,36156.41,4,0,0,128868.45,0
884,55,Female,38,10028.01,4,1,1,61988.66,0
885,67,Female,46,10178.92,2,0,0,135571.58,0
886,51,Male,4,504.53,2,0,1,40882.37,0
887,35,Female,60,21874.1,2,0,1,42493.1,0
888,47,Male,57,44136.72,3,1,1,54680.37,0
889,32,Male,45,2595.05,1,1,0,35539.01,0
890,44,Male,20,9555.94,1,1,0,49941.5,0
891,68,Male,17,15504.23,2,1,1,33833.53,0
892,51,Female,71,36586.24,2,0,0,126827.81,0
893,69,Female,4,32031.78,2,1,1,38065.97,0
894,55,Male,14,20797.2,4,0,1,117148.68,0
895,50,Female,3,37953.45,2,1,0,26228.8,0
896,41,Male,58,30481.55,4,1,0,143307.64,0
897,32,Female,55,44802.04,1,1,0,112450.81,0
898,47,Female,4,40901.34,3,0,0,20883.55,0
899,59,Male,24,12640.68,3,0,1,119301.35,0
900,68,Female,34,13571.93,3,0,0,86830.65,0
901,34,Male,30,6267.82,3,0,0,121317.47,0
902,22,Female,19,16848.24,4,0,1,87924.59,0
903,46,Male,31,49977.2,4,1,0,103333.23,0
904,21,Male,60,20287.56,2,0,0,122223.12,0
905,27,Female,60,11024.42,4,0,0,72664.05,0
906,34,Female,19,38124.14,2,0,0,20352.06,0
907,27,Male,49,27123.55,2,0,1,130493.04,0
908,34,Female,63,7480.07,3,1,1,69515.75,0
909,37,Female,22,19034.48,4,0,0,84485.55,0
910,41,Male,24,20723.49,4,1,0,21009.66,0
911,22,Male,30,37691.49,2,1,1,83971.96,0
912,51,Female,58,1033.57,2,1,0,148243.36,0
913,23,Male,31,13450.98,1,0,0,56174.8,0
914,19,Male,64,25879.82,1,1,0,71404.38,0
915,30,Male,19,13442.34,2,0,0,109334.7,0
916,60,Female,48,31421.7,1,0,0,125923.18,0
917,60,Female,45,24093.37,1,0,0,74260.91,0
918,65,Male,55,18085.51,2,0,0,60256.95,0
919,28,Female,55,47460.43,2,0,0,141917.35,0
920,68,Male,18,31607.97,4,1,0,108028.85,0
921,64,Female,63,6497.07,2,1,1,35472.77,0
922,40,Male,47,28004.58,2,0,1,28960.62,0
923,33,Male,57,39036.59,3,1,1,82861.48,0
924,48,Female,45,35424.48,4,0,0,48611.71,0
925,28,Male,33,8604.46,4,1,0,53018.02,0
926,33,Female,17,48621.0,4,1,1,134099.98,0
927,25,Female,70,22440.68,3,1,0,31643.58,0
928,21,Male,4,7951.25,2,1,1,112997.33,0
929,57,Male,20,9009.79,4,1,0,55248.49,0
930,21,Female,47,4911.75,4,0,1,118842.67,0
931,42,Male,15,40175.91,1,0,1,113913.48,0
932,20,Male,70,6101.52,4,1,1,20960.95,0
933,49,Male,47,6256.26,2,0,0,86187.6,0
934,20,Male,9,42523.58,2,1,1,38111.53,0
935,44,Male,16,17230.2,1,0,0,132609.51,0
936,46,Female,69,1542.9,4,1,0,133306.16,0
937,49,Female,61,2594.76,4,1,0,74384.95,0
938,67,Male,10,7108.52,4,1,0,77771.43,1
939,68,Male,50,10669.67,3,0,0,59426.78,0
940,36,Male,3,33257.31,4,0,0,113158.82,0
941,38,Female,70,7866.31,2,1,0,66625.98,0
942,22,Male,51,5943.72,2,1,1,54813.02,0
943,35,Female,19,38235.96,3,0,1,76190.04,0
944,45,Female,42,33552.76,3,0,1,31893.38,0
945,59,Female,35,21766.21,4,0,0,117058.42,0
946,39,Male,46,27465.49,1,0,0,21637.53,0
947,38,Female,26,15599.2,3,0,0,103783.06,0
948,23,Male,69,24125.02,3,1,0,43772.39,0
949,18,Female,64,25333.63,4,0,1,50212.53,0
950,22,Male,37,19361.86,4,1,0,102632.16,0
951,58,Female,49,45328.61,3,1,1,149082.65,0
952,29,Male,21,803.09,1,0,0,121103.27,0
953,43,Female,64,39108.56,3,0,1,49359.15,0
954,63,Male,5,6219.14,4,1,0,42883.22,1
955,51,Male,70,39877.37,4,0,1,132610.27,0
956,66,Male,4,30795.6,3,1,0,77743.91,0
957,31,Male,39,42163.9,1,0,1,37816.86,0
958,43,Female,35,4875.72,3,0,0,132087.49,0
959,62,Female,1,27949.03,3,0,1,126092.01,0
960,44,Male,24,25054.39,4,1,1,147907.83,0
961,26,Female,57,35309.66,1,0,0,138266.68,0
962,43,Male,70,26714.53,2,1,1,130732.74,0
963,64,Male,41,27036.73,1,0,0,26834.67,0
964,39,Female,54,21479.8,3,1,0,33574.0,0
965,64,Male,46,15441.72,3,0,0,93967.82,0
966,47,Male,60,24113.22,3,1,1,89092.3,0
967,60,Female,60,5924.62,1,1,1,79535.22,0
968,65,Male,57,48075.67,4,1,0,71582.61,0
969,34,Male,31,35720.54,3,1,0,76057.36,0
970,43,Male,24,47623.36,3,1,1,94008.73,0
971,53,Male,36,11336.37,1,1,1,20269.95,0
972,18,Female,30,43967.05,2,0,1,53892.14,0
973,25,Female,24,40439.5,2,1,0,87376.36,0
974,66,Female,30,33857.62,4,1,0,113888.09,0
975,52,Male,7,31251.46,4,1,0,42640.37,0
976,69,Male,35,15827.48,3,0,0,91094.55,0
977,32,Female,55,40820.54,1,0,0,112879.76,0
978,64,Male,14,25075.77,3,0,1,77801.6,0
979,39,Male,10,3544.58,4,1,0,23520.55,1
980,31,Male,16,15643.16,1,0,1,78404.86,0
981,43,Male,54,46764.85,1,0,1,58537.84,0
982,45,Female,70,42534.01,4,1,0,140854.45,0
983,40,Female,44,49095.28,2,1,1,36199.74,0
984,31,Female,45,31399.67,2,0,0,104821.87,0
985,41,Male,56,12375.5,1,1,1,26853.57,0
986,19,Female,57,8140.75,3,1,0,78002.16,0
987,62,Female,21,9345.72,2,1,0,92017.33,0
988,43,Male,68,989.78,3,1,1,58734.14,0
989,31,Male,50,19534.11,2,0,0,79159.83,0
990,68,Female,33,9571.38,2,1,1,41261.99,0
991,24,Female,7,20582.77,3,0,0,59536.1,0
992,20,Female,70,46749.72,4,0,0,100743.82,0
993,64,Female,15,21527.01,2,0,0,59234.01,0
994,40,Male,32,43899.22,2,0,1,136966.6,0
995,63,Female,20,30275.24,3,1,1,101692.9,0
996,60,Female,15,12356.58,4,1,0,77024.37,0
997,64,Male,48,17792.74,2,1,1,25038.4,0
998,62,Female,71,4195.98,2,0,0,84941.28,0
999,35,Male,21,16673.13,4,0,1,119420.91,0
1000,55,Male,42,33877.05,2,0,1,54522.49,0
